status	classification	left_code	left_name	left_pdf	right_code	right_name	right_pdf	weighted_total	topics	learning_outcomes	description	objective	hours	bidirectional	evidence	rationale_ar
confirmed	exact_equivalent	2002116-2	آداب حملة القرآن	assets/course-specifications/quran-old-v39/2002116-2.pdf	2002104-2	آداب حملة القرآن	assets/course-specifications/qiraat-source-1445/2002104-2.pdf	94.2	33.95	22.5	13.5	14.25	10	True	topics: تعريف الآداب وأهميتها، وفضل القرآن وتعلمه — آداب المتعلم في نفسه ومع شيخه — الإجازة وشروطها وآدابها — حكم وقف القرآن ودخول الخلاء به <> تعريف الآداب وأهميتها، وفضل القرآن وتعلمه — آداب المتعلم في نفسه ومع شيخه — الإجازة وشروطها وآدابها — حكم وقف القرآن ودخول الخلاء به (قائمة من 17 موضوعًا متطابقة) || objective: أن يسمي الطالب آداب حامل القرآن… أن يتقن آداب الإقراء والإجازة… أحكام المصحف <> نفس الأهداف الثلاثة بصياغة مطابقة تقريبًا || learning_outcomes: أن يوضح الطالب معاني الآداب — أن يصف الطالب آداب الإقراء — أن يلتزم بقيم الأمانة <> المجموعة نفسها (يوضح المعاني/يشرح آداب المتعلم/يصف آداب الإقراء/يلتزم بالأمانة) || hours: 2 <> 2	التوصيفان متطابقان موضوعًا وهدفًا ونواتج؛ تغيّر الرمز فقط (2002116-2 ← 2002104-2) مع تحرير لفظي طفيف وإضافة المسجد في موضع واحد. معادلة كاملة.
confirmed	exact_equivalent	2002318-2	توجيه القراءات	assets/course-specifications/quran-old-v39/2002318-2.pdf	2002503-2	توجيه القراءات	assets/course-specifications/qiraat-source-1445/2002503-2.pdf	94.95	33.95	22.5	14.25	14.25	10	True	description: يدرس الطالب معنى توجيه القراءات وإطلاقاته وأهميته ونشأته والدوافع للتأليف فيه وأهم المؤلفات… وأثر التوجيه في التفسير والأحكام الفقهية والعقيدة واللغة العربية <> الجملة نفسها حرفيًا تقريبًا في نسخة المصدر || topics: تعريف التوجيه ومصطلحاته وأهميته ونشأته وتطوره (×2) — أسباب التأليف — أهم المؤلفات — أثر التوجيه في التفسير والأحكام (×3) — في البلاغة (×2) — في اللغة (×2) — في الإعراب (×2) — نماذج المشكلة والعقيدة — مراجعة <> القائمة نفسها بترتيبها كاملة (17 أسبوعًا) مع فرق تهجئة (التوجير/التوجيه) || objective: تعريف الطالب بمعنى توجيه القراءات وأهميته ونشأته وأهم المؤلفات — توجيه بعض أبواب أصول القراءات — معرفة أثر القراءات في التفسير والفقه والعقيدة واللغة <> الأهداف الثلاثة نفسها || hours: 2 <> 2	نفس التوصيف حرفيًا تقريبًا مع تغيّر الرمز (2002318-2 ← 2002503-2). أعلى درجات التطابق في هذه المراجعة.
confirmed	exact_equivalent	2002125-2	التجويد (2)	assets/course-specifications/quran-old-v39/2002125-2.pdf	2002106-2	التجويد (2)	assets/course-specifications/qiraat-source-1445/2002106-2.pdf	94.25	33.25	22.5	14.25	14.25	10	True	description: يدرس الطالب أحكام تجويد القرآن نظريًا وعمليًا… أحكام النون الساكنة والتنوين وأحكام المدود والتفخيم والترقيق… يتلو كتاب الله تلاوة صحيحة محكمة متقنة <> الفقرة نفسها بترتيب أعيد تنظيمه فقط || topics: صفات الحروف (الهمس/الجهر/الشدة/الشفير…) — التفخيم والترقيق وأحوالهما — المتماثلان والمتقاربان… — اللامات الساكنة — المدود وأقسامها — الوقف وأقسامه — الابتداء والروم والإشمام <> القائمة الأسبوعية نفسها بندًا بندًا (17 أسبوعًا) || objective: أن يكون الطالب قادرًا على تطبيق أحكام التجويد — تلاوة صحيحة — صون اللسان عن اللحن الجلي والخفي <> الأهداف الثلاثة نفسها || hours: 2 <> 2	توصيف التجويد (2) نفسه بين الخطة القديمة ونسخة المصدر 1445 مع ترميز جديد (2002125-2 ← 2002106-2).
confirmed	exact_equivalent	2002419-2	مناهج البحث	assets/course-specifications/quran-old-v39/2002419-2.pdf	2002405-2	مناهج البحث	assets/course-specifications/qiraat-source-1445/2002405-2.pdf	94.25	33.25	22.5	14.25	14.25	10	True	description: يدرس الطالب في هذه المادة مفهوم البحث العلمي وأهميته وأهدافه وأهم مراحله وكيفية اختيار موضوع البحث والتخطيط له وكذلك كيفية تحقيق المخطوطات تحقيقًا علميًا سليمًا وآليات التحقيق <> الجملة نفسها حرفيًا || topics: المراد بالبحث العلمي وأهدافه وصفات الباحث — تصنيف مناهج البحث — الأفكار البحثية والدراسات السابقة — اختيار الموضوع وصياغة العنوان — أدوات البحث — جمع المادة العلمية — الاقتباس والتوثيق — كتابة المسودة — تحقيق المخطوطات <> القائمة نفسها بتمامها مع إعادة تنسيق || objective: ترسيخ وتعزيز أهمية وأهداف البحث العلمي — التأكيد على خطوات الإعداد ومعرفة طرق ومناهج البحث <> الهدفان نفساهما || hours: 2 <> 2	نفس التوصيف مع ترميز جديد (2002419-2 ← 2002405-2). ولا تنطبق العلاقة على نسخ «مناهج البحث» في حزم الدراسات الإسلامية والأصول (انظر السجلات المرفوضة).
confirmed	exact_equivalent	2002250-2	أصول التفسير ومناهجه	assets/course-specifications/quran-old-v39/2002250-2.pdf	20022250-2	أصول التفسير	assets/course-specifications/quranic-course-updates-1446/20022250-2.pdf	94.6	33.25	23.75	13.8	13.8	10	True	description: دراسة شاملة لأصول التفسير… مصادر التفسير المختلفة، أنواع التفسير، كليات التفسير، الإجماع والاختلاف في التفسير، وشروط وآداب المفسر <> الصياغة نفسها تقريبًا حرفيًا مع حذف «ومناهجه» من الاسم || topics: علم أصول التفسير مفهومه — مصادر التفسير (بالقرآن/بالسنة/بقول السلف/بلغة العرب/بواقع الحال) — التفسير على اللفظ والمعنى والإشارة — كليات التفسير — الإجماع في التفسير <> القائمة الأسبوعية نفسها بندًا بندًا || learning_outcomes: أن يوضح الطالب مفهوم علم أصول — أن يشرح أنواع تعبيرات — أن يذكر المقصود بإجماع — أن يطبق مصادر التفسير <> النواتج نفسها حرفيًا (6 نواتج متطابقة) || code: 2002250-2 <> 20022250-2 (إقحام خانة زائدة في الرمز مع تقصير الاسم) || hours: 2 <> 2	إعادة ترميز وتغيير اسم للتوصيف نفسه (حذف «ومناهجه»). الإخراج الأمثل: قاعدة معادلة متبادلة بين الرمزين. أما نسختا الحزم الأخرى بنفس الرمز 2002250-2 (r0017 الدراسات الإسلامية وr0018 القراءات) فمختلفتان في البنية عن هذه النسخة (انظر السجلين المرفوضين).
confirmed	similar_ge_80	2002429-2	الانتصار للقرآن	assets/course-specifications/quran-old-v39/2002429-2.pdf	2002410-2	الانتصار للقرآن	assets/course-specifications/qiraat-source-1445/2002410-2.pdf	88.75	29.75	21.25	13.5	14.25	10	True	description: يدرس الطالب بعض الأحكام والقضايا المتعلقة بالشبهات المثارة حول القرآن الكريم وكيفية الدفاع عنه <> الجملة نفسها حرفيًا || objective: أن يعرض الطالب الشبهات المتعلقة بنزول القرآن — الإشكالات المثارة حول تحريق المصاحف — أن يكون قادرًا على رد الشبهات — أن يحلل إشكالات النسخ <> الأهداف الأربعة نفسها حرفيًا || topics: مقدمة عن الانتصار للقرآن — نشأة العلم وأبرز المؤلفات — أصول الانتصار وضوابطه — الشبهات حول الوحي/جمع القرآن/تواتره/المكي والمدني والنسخ/القراءات/صلاحيته لكل زمان <> الهيكل نفسه؛ النسخة الجديدة جزّأته إلى 17 أسبوعًا بدل 13 مع إضافة وضوح في بعض البنود || hours: 2 <> 2	يتطابق المقرران في أصل بناء الانتصار للقرآن ومهارات رد الشبهات، وتغطي الموضوعات المشتركة 28 من 32 ساعة محتوى في النسخة المفصلة (87.5%)، مع إضافة وحدتي المتشابه وإعجاز القرآن؛ لذلك تصنف معادلة بالتشابه وليست معادلة تامة.
confirmed	similar_ge_80	2002306-2	التفسير (3)	assets/course-specifications/quran-old-v39/2002306-2.pdf	2002208-2	التفسير (2)	assets/course-specifications/qiraat-source-1445/2002208-2.pdf	82	33	21	9	9	10	True	topics: مقدمة عن سورة يوسف ثم تفسير الآيات (1-4، 5-14، ... 104-110) تفسيرًا تحليليًا حتى نهاية السورة <> تعريف بسورة يوسف: نزولها وموضوعها وسبب تسميتها وعدد آياتها، ثم تفسير الآيات (1-6، 7-14، ... 99-110) تفسيرًا تحليليًا || topics: تفسير يوسف (110-104) تفسيرًا تحليليًا + مراجعة عامة <> تفسير الآيات م 110-99 سورة يوسف تفسيرًا تحليليًا + مراجعة عامة || learning_outcomes: أن يطبق الطالب منهجية التفسير التحليلي على آيات من السور المدروسة / أن يستنبط الأحكام التشريعية ويربطها بالواقع المعاصر <> أن يطبق الطالب منهجية التفسير التحليلي... / أن يستنبط الفوائد والأحكام من الآيات في الجزء المحدد || general_description: يركز هذا المقرر على التفسير التحليلي لسورة يوسف بأكملها... مع الترجيح بين الأقوال المختلفة <> يدرس الطالب تفسيرًا تحليليًا لسورة يوسف –عليه السلام- مع الوقوف على الحكم التشريعية المهمة وربط المادة العلمية بالواقع المعاصر	التفسير (3) في خطة القرآن وعلومه (2002306-2) والتفسير (2) في خطة القراءات (2002208-2) كلاهما تفسير تحليلي لسورة يوسف كاملة على سبعة عشر أسبوعًا بترتيب آيات متقارب ومخرجات متجانسة؛ خُفّضت الدرجة تحفظًا لاختلاف ترقيم المقرر بين الخطين (2 مقابل 3)، مع بقاء تغطية سورة يوسف كاملة والساعات متطابقة فوق حد المعادلة.
confirmed	similar_ge_80	20013105-2	الفقه المقارن	assets/course-specifications/islamic-studies-bundle-1444/20013105-2.pdf	2001225-2	الفقه المقارن	assets/course-specifications/sharia-ba-1445/2001225-2.pdf	84	35	15	13	11	10	True	description: التعريف بالفقه المقارن والفرق بينه وبين الفقه المذهبي وأسباب اختلاف الفقهاء وتاريخ تكوين المذاهب الفقهية ودراسة مسائل فقهية مختلف فيها <> النص نفسه + تعداد المسائل نفسها (اشتراط النية في الوضوء/المسح على الجورب/مس المرأة/قراءة الفاتحة/ثبوت رمضان/التسعير/التعزير بالمال/الشروط في النكاح/الطلاق الثلاث/الحضانة) || topics: مقدمة — مسائل العبادات (النية/الجورب/مس المرأة/الفاتحة/رمضان) — المعاملات (التسعير/التعزير) — الأسرة (الشروط/الطلاق الثلاث/الحضانة) <> المسائل نفسها بالضبط في خطة مضغوطة (4 كتل بدل 15 أسبوعًا) || objective: معرفة الطريقة الصحيحة لدراسة المسائل الخلافية وتنمية الملكة الفقهية لاستنباط الراجح <> معرفة الأحكام بأقوال المذاهب وتنمية الملكة وربط الفقه المقارن بالواقع || learning_outcomes: يذكر مفهوم الفقه المقارن — يوضح أسباب الاختلاف — يلتزم بآداب الخلاف — يقدر تنوع المذاهب <> يشرح المقصود — يحدد آراء المذاهب — يستنتج الراجح — يقارن بين الفقهاء (صياغات أغنى) || hours: 2 <> 2	يتناول التوصيفان المقدمات نفسها والمسائل الفقهية العشر نفسها في العبادات والمعاملات والأسرة، مع تطابق الساعات، وإنما يختلف تجميع الموضوعات الأسبوعية وصياغة بعض النواتج؛ لذلك قُدّر التشابه تحفظيًا بـ84% وتكون المعادلة في الاتجاهين.
held_human_review	insufficient_topics_evidence	2001260-2	المدخل لدراسة الشريعة	assets/course-specifications/sharia-ba-1445/2001260-2.pdf	20041104-2	المدخل للشريعة والفقه الإسلامي	assets/course-specifications/islamic-studies-bundle-1444/20041104-2.pdf						10	False	الساعات والوصف والأهداف متقاربة؛ جدول موضوعات 2001260-2 ناقص وينتهي بعلامة الاختصار	لم تُنشر المعادلة؛ لا يمكن إثبات تغطية 80% من الموضوعات الفعلية من جدول ناقص.
